<?xml version="1.0" encoding="UTF-8"?>
<beans xmlns="http://www.springframework.org/schema/beans"
	xmlns:xsi="http://www.w3.org/2001/XMLSchema-instance" xmlns:context="http://www.springframework.org/schema/context"
	xmlns:security="http://www.springframework.org/schema/security"
	xsi:schemaLocation="http://www.springframework.org/schema/beans
           http://www.springframework.org/schema/beans/spring-beans.xsd
           http://www.springframework.org/schema/security
           http://www.springframework.org/schema/security/spring-security.xsd
           http://www.springframework.org/schema/context 
           http://www.springframework.org/schema/context/spring-context.xsd">

	<security:http auto-config="true" use-expressions="false">
		<security:intercept-url pattern="/admin" access="ROLE_ADMIN" />
		<security:intercept-url pattern="/**" access="ROLE_USER, ROLE_ADMIN" />
		<security:intercept-url pattern="/user" access="ROLE_USER" />
	</security:http>

	<security:authentication-manager>
		<security:authentication-provider>
			<security:user-service>
				<security:user name="tom" password="cat" authorities="ROLE_USER" />
				<security:user name="jay" password="boss" authorities="ROLE_ADMIN" />
			</security:user-service>
		</security:authentication-provider>
	</security:authentication-manager>

</beans>